Sl. No.,State/UT,Schemes,Expenditure (Rupees in Crore) - 2017-18,Expenditure (Rupees in Crore) - 2018-19,Expenditure (Rupees in Crore) - 2019-20,Expenditure (Rupees in Crore) - 2020-21,Expenditure (Rupees in Crore) - 2021-22
1,Andhra Pradesh,A. Pradhan Mantri Krishi Sinchai Yojana - Accelerated Irrigation Benefit Programme with paripassu implementation of Command Area Development & Water Management,106.47,63.12,30.25,58.87,52.9
2,Assam,A. Pradhan Mantri Krishi Sinchai Yojana - Accelerated Irrigation Benefit Programme with paripassu implementation of Command Area Development & Water Management,16.92,102.61,0,0,95.85
3,Bihar,A. Pradhan Mantri Krishi Sinchai Yojana - Accelerated Irrigation Benefit Programme with paripassu implementation of Command Area Development & Water Management,93.32,54.97,38.37,28.84,33.89
4,Chhattisgarh,A. Pradhan Mantri Krishi Sinchai Yojana - Accelerated Irrigation Benefit Programme with paripassu implementation of Command Area Development & Water Management,52.38,31.83,21.35,30.32,11.94
5,Goa,A. Pradhan Mantri Krishi Sinchai Yojana - Accelerated Irrigation Benefit Programme with paripassu implementation of Command Area Development & Water Management,6.22,28.22,76.86,28.17,28.53
6,Gujarat,A. Pradhan Mantri Krishi Sinchai Yojana - Accelerated Irrigation Benefit Programme with paripassu implementation of Command Area Development & Water Management,2350.54,2299.93,1047.34,1005.39,765.14
7,Himachal Pradesh,A. Pradhan Mantri Krishi Sinchai Yojana - Accelerated Irrigation Benefit Programme with paripassu implementation of Command Area Development & Water Management,NA,NA,NA,NA,2.5
8,Jharkhand,A. Pradhan Mantri Krishi Sinchai Yojana - Accelerated Irrigation Benefit Programme with paripassu implementation of Command Area Development & Water Management,585.17,437.13,415.15,90.31,248.96
9,Karnataka,A. Pradhan Mantri Krishi Sinchai Yojana - Accelerated Irrigation Benefit Programme with paripassu implementation of Command Area Development & Water Management,313.16,306.09,344.38,414.09,229.15
10,Kerala,A. Pradhan Mantri Krishi Sinchai Yojana - Accelerated Irrigation Benefit Programme with paripassu implementation of Command Area Development & Water Management,7.49,6.84,7.69,0,1.95
11,Madhya Pradesh,A. Pradhan Mantri Krishi Sinchai Yojana - Accelerated Irrigation Benefit Programme with paripassu implementation of Command Area Development & Water Management,485.09,530.91,119.01,117.08,384.82
12,Maharashtra,A. Pradhan Mantri Krishi Sinchai Yojana - Accelerated Irrigation Benefit Programme with paripassu implementation of Command Area Development & Water Management,2703.63,3053.7,3125.51,1931.96,2135.44
13,Manipur,A. Pradhan Mantri Krishi Sinchai Yojana - Accelerated Irrigation Benefit Programme with paripassu implementation of Command Area Development & Water Management,78.23,141.03,63.18,125.29,29.76
14,Odisha,A. Pradhan Mantri Krishi Sinchai Yojana - Accelerated Irrigation Benefit Programme with paripassu implementation of Command Area Development & Water Management,1432.68,924.7,785.44,629.79,538.75
15,Punjab,A. Pradhan Mantri Krishi Sinchai Yojana - Accelerated Irrigation Benefit Programme with paripassu implementation of Command Area Development & Water Management,NA,NA,NA,16.68,63.44
16,Rajasthan,A. Pradhan Mantri Krishi Sinchai Yojana - Accelerated Irrigation Benefit Programme with paripassu implementation of Command Area Development & Water Management,184.3,237.5,0.78,54.22,587.72
17,Tamil Nadu,A. Pradhan Mantri Krishi Sinchai Yojana - Accelerated Irrigation Benefit Programme with paripassu implementation of Command Area Development & Water Management,NA,NA,NA,NA,68.66
18,Telangana,A. Pradhan Mantri Krishi Sinchai Yojana - Accelerated Irrigation Benefit Programme with paripassu implementation of Command Area Development & Water Management,1028.77,1715.47,1102.98,740.55,608.92
19,Uttar Pradesh,A. Pradhan Mantri Krishi Sinchai Yojana - Accelerated Irrigation Benefit Programme with paripassu implementation of Command Area Development & Water Management,863.51,2400.72,2933.86,1549.51,935.61
20,Jammu and Kashmir,A. Pradhan Mantri Krishi Sinchai Yojana - Accelerated Irrigation Benefit Programme with paripassu implementation of Command Area Development & Water Management,26.6,11.02,78.1,10.93,6.36
21,Ladakh,A. Pradhan Mantri Krishi Sinchai Yojana - Accelerated Irrigation Benefit Programme with paripassu implementation of Command Area Development & Water Management,7.7,1.43,0.81,0,0.26
Total,Total,Total,10342.18,12347.22,10191.06,6832,6830.55
1,Arunachal Pradesh,B. Pradhan Mantri Krishi Sinchai Yojana - Har Khet Ko Pani - Surface Minor Irrigation,11.4,0.67,43.49,NA,NA
2,Assam,B. Pradhan Mantri Krishi Sinchai Yojana - Har Khet Ko Pani - Surface Minor Irrigation,396.48,451.54,58.62,60.74,NA
3,Bihar,B. Pradhan Mantri Krishi Sinchai Yojana - Har Khet Ko Pani - Surface Minor Irrigation,47.27,32.14,18.88,NA,NA
4,Chhattisgarh,B. Pradhan Mantri Krishi Sinchai Yojana - Har Khet Ko Pani - Surface Minor Irrigation,71.95,33.7,NA,NA,NA
5,Himachal Pradesh,B. Pradhan Mantri Krishi Sinchai Yojana - Har Khet Ko Pani - Surface Minor Irrigation,54.75,76.06,164.34,93.93,32.04
6,Jammu and Kashmir and Ladakh,B. Pradhan Mantri Krishi Sinchai Yojana - Har Khet Ko Pani - Surface Minor Irrigation,102.88,57.77,73.23,26.19,NA
7,Jharkhand,B. Pradhan Mantri Krishi Sinchai Yojana - Har Khet Ko Pani - Surface Minor Irrigation,9.75,4.25,NA,NA,NA
8,Manipur,B. Pradhan Mantri Krishi Sinchai Yojana - Har Khet Ko Pani - Surface Minor Irrigation,NA,22.23,NA,91.26,NA
9,Meghalaya,B. Pradhan Mantri Krishi Sinchai Yojana - Har Khet Ko Pani - Surface Minor Irrigation,60.14,35,28.8,78.82,97.56
10,Mizoram,B. Pradhan Mantri Krishi Sinchai Yojana - Har Khet Ko Pani - Surface Minor Irrigation,10.52,0.36,13.85,7.65,NA
11,Nagaland,B. Pradhan Mantri Krishi Sinchai Yojana - Har Khet Ko Pani - Surface Minor Irrigation,10.28,26.08,20.46,NA,NA
12,Sikkim,B. Pradhan Mantri Krishi Sinchai Yojana - Har Khet Ko Pani - Surface Minor Irrigation,14.33,16.61,9.13,9.33,NA
13,Tripura,B. Pradhan Mantri Krishi Sinchai Yojana - Har Khet Ko Pani - Surface Minor Irrigation,NA,NA,NA,7.35,1.02
14,Uttarakhand,B. Pradhan Mantri Krishi Sinchai Yojana - Har Khet Ko Pani - Surface Minor Irrigation,36,41.66,21.34,NA,NA
Total,Total,Total,825.75,798.06,452.13,375.26,130.62
1,Bihar,"C. Pradhan Mantri Krishi Sinchai Yojana - Har Khet Ko Pani - Repair, Renovation and Restoration of water Bodies",NA,6.58,15.31,7.32,NA
2,Gujarat,"C. Pradhan Mantri Krishi Sinchai Yojana - Har Khet Ko Pani - Repair, Renovation and Restoration of water Bodies",NA,3.87,4.18,NA,NA
3,Madhya Pradesh,"C. Pradhan Mantri Krishi Sinchai Yojana - Har Khet Ko Pani - Repair, Renovation and Restoration of water Bodies",13.52,NA,NA,NA,NA
4,Manipur,"C. Pradhan Mantri Krishi Sinchai Yojana - Har Khet Ko Pani - Repair, Renovation and Restoration of water Bodies",NA,1.95,7.43,12.06,1.9
5,Meghalaya,"C. Pradhan Mantri Krishi Sinchai Yojana - Har Khet Ko Pani - Repair, Renovation and Restoration of water Bodies",NA,NA,3.48,NA,NA
6,Odisha,"C. Pradhan Mantri Krishi Sinchai Yojana - Har Khet Ko Pani - Repair, Renovation and Restoration of water Bodies",8.76,46.14,NA,NA,NA
7,Rajasthan,"C. Pradhan Mantri Krishi Sinchai Yojana - Har Khet Ko Pani - Repair, Renovation and Restoration of water Bodies",10.07,37.96,21.3,9.92,0.21
8,Tamil Nadu,"C. Pradhan Mantri Krishi Sinchai Yojana - Har Khet Ko Pani - Repair, Renovation and Restoration of water Bodies",3.26,19.52,NA,32.64,7.35
9,Telangana,"C. Pradhan Mantri Krishi Sinchai Yojana - Har Khet Ko Pani - Repair, Renovation and Restoration of water Bodies",44.88,69.07,36.29,NA,NA
Total,Total,Total,80.49,185.1,87.98,61.94,9.46
